full_name_in_English,acronym_EN,acronym_AGG,main_grouping,ROR,ROR_LINK,OpenAlex_ID,OpenAlex_LINK,OpenAIRE_ID,OpenAIRE_LINK,OpenAIRE_Org_ID,OpenAIRE_Org_ID_Explore_URL,numFound_ResearchProducts_OpenOrgs,numFound_ResearchProducts_2021_2024,numFound_ResearchProducts_2020_2023
Utrecht University,UU,UU/UMCU,UNL,04pp8hn57,https://ror.org/04pp8hn57,I193662353,https://openalex.org/I193662353,openorgs____::3d57a5aadd2e0925bca78515278f2405,https://explore.openaire.eu/search/organization?organizationId=openorgs____::3d57a5aadd2e0925bca78515278f2405,openorgs____::3d57a5aadd2e0925bca78515278f2405,https://explore.openaire.eu/search/organization?organizationId=openorgs____::3d57a5aadd2e0925bca78515278f2405,377986.0,68465.0,68465.0
University of Amsterdam,UVA,UVA/AMC,UNL,04dkp9463,https://ror.org/04dkp9463,I887064364,https://openalex.org/I887064364,openorgs____::58f65ed1ce3c9166e9c5f939bfdbf83a,https://explore.openaire.eu/search/organization?organizationId=openorgs____::58f65ed1ce3c9166e9c5f939bfdbf83a,openorgs____::58f65ed1ce3c9166e9c5f939bfdbf83a,https://explore.openaire.eu/search/organization?organizationId=openorgs____::58f65ed1ce3c9166e9c5f939bfdbf83a,358787.0,60257.0,60257.0
University of Groningen,RUG,RUG/UMCG,UNL,012p63287,https://ror.org/012p63287,I169381384,https://openalex.org/I169381384,openorgs____::81371ea94b1a09d3243e73d6ec3527ec,https://explore.openaire.eu/search/organization?organizationId=openorgs____::81371ea94b1a09d3243e73d6ec3527ec,openorgs____::81371ea94b1a09d3243e73d6ec3527ec,https://explore.openaire.eu/search/organization?organizationId=openorgs____::81371ea94b1a09d3243e73d6ec3527ec,323047.0,56275.0,56275.0
Leiden University,UL,UL/LUMC,UNL,027bh9e22,https://ror.org/027bh9e22,I121797337,https://openalex.org/I121797337,openorgs____::e42580548da4a1d39bb67b60b971056e,https://explore.openaire.eu/search/organization?organizationId=openorgs____::e42580548da4a1d39bb67b60b971056e,openorgs____::e42580548da4a1d39bb67b60b971056e,https://explore.openaire.eu/search/organization?organizationId=openorgs____::e42580548da4a1d39bb67b60b971056e,218436.0,47078.0,47078.0
Radboud University Nijmegen,RU,RU/RadboudUMC,UNL,016xsfp80,https://ror.org/016xsfp80,I145872427,https://openalex.org/I145872427,openorgs____::a3af79fec4d09764e56cd6d4df1d976a,https://explore.openaire.eu/search/organization?organizationId=openorgs____::a3af79fec4d09764e56cd6d4df1d976a,openorgs____::a3af79fec4d09764e56cd6d4df1d976a,https://explore.openaire.eu/search/organization?organizationId=openorgs____::a3af79fec4d09764e56cd6d4df1d976a,276759.0,45349.0,45349.0
Vrije Universiteit (Free University),VU,VU/VUMC,UNL,008xxew50,https://ror.org/008xxew50,I865915315,https://openalex.org/I865915315,openorgs____::1624ff7c01bb641b91f4518539a0c28a,https://explore.openaire.eu/search/organization?organizationId=openorgs____::1624ff7c01bb641b91f4518539a0c28a,openorgs____::1624ff7c01bb641b91f4518539a0c28a,https://explore.openaire.eu/search/organization?organizationId=openorgs____::1624ff7c01bb641b91f4518539a0c28a,257749.0,44206.0,44206.0
Delft University of Technology,TUD,TUD,UNL,02e2c7k09,https://ror.org/02e2c7k09,I98358874,https://openalex.org/I98358874,openorgs____::5e6bf8962665cdd040341171e5c631d8,https://explore.openaire.eu/search/organization?organizationId=openorgs____::5e6bf8962665cdd040341171e5c631d8,openorgs____::5e6bf8962665cdd040341171e5c631d8,https://explore.openaire.eu/search/organization?organizationId=openorgs____::5e6bf8962665cdd040341171e5c631d8,229813.0,42961.0,42961.0
Maastricht University,UNIMAAS,UM/MaastrichtMC,UNL,02jz4aj89,https://ror.org/02jz4aj89,I34352273,https://openalex.org/I34352273,openorgs____::a7e0018f6064f0dab7a8c9a48a61a1c6,https://explore.openaire.eu/search/organization?organizationId=openorgs____::a7e0018f6064f0dab7a8c9a48a61a1c6,openorgs____::a7e0018f6064f0dab7a8c9a48a61a1c6,https://explore.openaire.eu/search/organization?organizationId=openorgs____::a7e0018f6064f0dab7a8c9a48a61a1c6,160994.0,41494.0,41494.0
Erasmus University Rotterdam,EUR,EUR/ErasmusMC,UNL,057w15z03,https://ror.org/057w15z03,I913958620,https://openalex.org/I913958620,openorgs____::2f735203eb40d8389a881e874bee537a,https://explore.openaire.eu/search/organization?organizationId=openorgs____::2f735203eb40d8389a881e874bee537a,openorgs____::2f735203eb40d8389a881e874bee537a,https://explore.openaire.eu/search/organization?organizationId=openorgs____::2f735203eb40d8389a881e874bee537a,246426.0,39430.0,39430.0
Wageningen University & Research,WUR,WUR,UNL,04qw24q55,https://ror.org/04qw24q55,I913481162,https://openalex.org/I913481162,openorgs____::ad8f981707a4a1d6c9e9ee60c02b9a11,https://explore.openaire.eu/search/organization?organizationId=openorgs____::ad8f981707a4a1d6c9e9ee60c02b9a11,openorgs____::ad8f981707a4a1d6c9e9ee60c02b9a11,https://explore.openaire.eu/search/organization?organizationId=openorgs____::ad8f981707a4a1d6c9e9ee60c02b9a11,284785.0,35678.0,35678.0
UMCU,UMCU,UU/UMCU,NFU,0575yy874,https://ror.org/0575yy874,I3018483916,https://openalex.org/I3018483916,openorgs____::81b64115eb383a27a9c1820a2c760c89,https://explore.openaire.eu/search/organization?organizationId=openorgs____::81b64115eb383a27a9c1820a2c760c89,openorgs____::81b64115eb383a27a9c1820a2c760c89,https://explore.openaire.eu/search/organization?organizationId=openorgs____::81b64115eb383a27a9c1820a2c760c89,88928.0,25574.0,25574.0
Radboud University Nijmegen Medical Centre,RadboudUMC,RU/RadboudUMC,NFU,05wg1m734,https://ror.org/05wg1m734,I2802934949,https://openalex.org/I2802934949,openorgs____::6c50ead5f8f9cac29c4c3066df9fba45,https://explore.openaire.eu/search/organization?organizationId=openorgs____::6c50ead5f8f9cac29c4c3066df9fba45,openorgs____::6c50ead5f8f9cac29c4c3066df9fba45,https://explore.openaire.eu/search/organization?organizationId=openorgs____::6c50ead5f8f9cac29c4c3066df9fba45,82328.0,24849.0,24849.0
LUMC,LUMC,UL/LUMC,NFU,05xvt9f17,https://ror.org/05xvt9f17,I2800006345,https://openalex.org/I2800006345,openorgs____::2eeca4f78f2a04a35057c1fa7918e23b,https://explore.openaire.eu/search/organization?organizationId=20|openorgs____::2eeca4f78f2a04a35057c1fa7918e23b,openorgs____::2eeca4f78f2a04a35057c1fa7918e23b,https://explore.openaire.eu/search/organization?organizationId=openorgs____::2eeca4f78f2a04a35057c1fa7918e23b,90555.0,24045.0,24045.0
University of Twente,UVT,UVT,UNL,006hf6230,https://ror.org/006hf6230,I94624287,https://openalex.org/I94624287,openorgs____::604881198363fedbb5d5478f465305f2,https://explore.openaire.eu/search/organization?organizationId=openorgs____::604881198363fedbb5d5478f465305f2,openorgs____::604881198363fedbb5d5478f465305f2,https://explore.openaire.eu/search/organization?organizationId=openorgs____::604881198363fedbb5d5478f465305f2,157571.0,23209.0,23209.0
VUMC,VUMC,VU/VUMC,NFU,00q6h8f30,https://ror.org/00q6h8f30,I911458345,https://openalex.org/I911458345,openorgs____::df96ffc1951dc9bc14b0695e3297f6e1,https://explore.openaire.eu/search/organization?organizationId=openorgs____::df96ffc1951dc9bc14b0695e3297f6e1,openorgs____::df96ffc1951dc9bc14b0695e3297f6e1,https://explore.openaire.eu/search/organization?organizationId=openorgs____::df96ffc1951dc9bc14b0695e3297f6e1,91343.0,22307.0,22307.0
ErasmusMC,ErasmusMC,EUR/ErasmusMC,NFU,018906e22,https://ror.org/018906e22,I2801952686,https://openalex.org/I2801952686,openorgs____::51609e11886740e4cf5f77d0f516a43c,https://explore.openaire.eu/search/organization?organizationId=openorgs____::51609e11886740e4cf5f77d0f516a43c,openorgs____::46893b4080f9a8d38c83cd5bbdd68d52,https://explore.openaire.eu/search/organization?organizationId=openorgs____::46893b4080f9a8d38c83cd5bbdd68d52,72169.0,21732.0,21732.0
Eindhoven University of Technology,TUE,TUE,UNL,02c2kyt77,https://ror.org/02c2kyt77,I83019370,https://openalex.org/I83019370,openorgs____::db787c50cf46f2b08e69f830e292e42d,https://explore.openaire.eu/search/organization?organizationId=openorgs____::db787c50cf46f2b08e69f830e292e42d,openorgs____::db787c50cf46f2b08e69f830e292e42d,https://explore.openaire.eu/search/organization?organizationId=openorgs____::db787c50cf46f2b08e69f830e292e42d,76551.0,17134.0,17134.0
Tilburg University,TiU,TiU,UNL,04b8v1s79,https://ror.org/04b8v1s79,I193700539,https://openalex.org/I193700539,openorgs____::b12b585c23a2b443b35cb33f57309a34,https://explore.openaire.eu/search/organization?organizationId=openorgs____::b12b585c23a2b443b35cb33f57309a34,openorgs____::b12b585c23a2b443b35cb33f57309a34,https://explore.openaire.eu/search/organization?organizationId=openorgs____::b12b585c23a2b443b35cb33f57309a34,107746.0,14474.0,14474.0
Amsterdam UMC,AUMC,AUMC,NFU,05grdyy37,https://ror.org/05grdyy37,I4210151833,https://openalex.org/I4210151833,openorgs____::2ce10b2528220091bd0363c1e39394c1,https://explore.openaire.eu/search/organization?organizationId=openorgs____::2ce10b2528220091bd0363c1e39394c1,openorgs____::2ce10b2528220091bd0363c1e39394c1,https://explore.openaire.eu/search/organization?organizationId=openorgs____::2ce10b2528220091bd0363c1e39394c1,20886.0,13933.0,13933.0
MaastrichtMC,MaastrichtMC,UM/MaastrichtMC,NFU,02d9ce178,https://ror.org/02d9ce178,I2800191616,https://openalex.org/I2800191616,openorgs____::3c2c37b7745ae3202347c3fa594bc66a,https://explore.openaire.eu/search/organization?organizationId=openorgs____::3c2c37b7745ae3202347c3fa594bc66a,openorgs____::3c2c37b7745ae3202347c3fa594bc66a,https://explore.openaire.eu/search/organization?organizationId=openorgs____::3c2c37b7745ae3202347c3fa594bc66a,36137.0,11817.0,11817.0
Amsterdam Medical Centre,AMC,UVA/AMC,NFU,03t4gr691,https://ror.org/03t4gr691,I2802928900,https://openalex.org/I2802928900,openorgs____::fe49cd5c84da7a89da723e24cadeb99d,https://explore.openaire.eu/search/organization?organizationId=openorgs____::fe49cd5c84da7a89da723e24cadeb99d,openorgs____::01717f42bf8b3d8e3acf57fbb09ba6ac,https://explore.openaire.eu/search/organization?organizationId=openorgs____::01717f42bf8b3d8e3acf57fbb09ba6ac,12377.0,6109.0,6109.0
Open University,OU,OU,UNL,018dfmf50,https://ror.org/018dfmf50,I7876267,https://openalex.org/I7876267,openorgs____::54f2e88f3eb801dc7e49a4ca90fdd1b6,https://explore.openaire.eu/search/organization?organizationId=openorgs____::54f2e88f3eb801dc7e49a4ca90fdd1b6,openorgs____::54f2e88f3eb801dc7e49a4ca90fdd1b6,https://explore.openaire.eu/search/organization?organizationId=openorgs____::54f2e88f3eb801dc7e49a4ca90fdd1b6,17258.0,5445.0,5445.0
Amsterdam University of Applied Sciences,HVA,HVA,VH,00y2z2s03,https://ror.org/00y2z2s03,I55106644,https://openalex.org/I55106644,openorgs____::d0a66a264d47d18baba1821d678627f3,https://explore.openaire.eu/search/organization?organizationId=openorgs____::d0a66a264d47d18baba1821d678627f3,openorgs____::d0a66a264d47d18baba1821d678627f3,https://explore.openaire.eu/search/organization?organizationId=openorgs____::d0a66a264d47d18baba1821d678627f3,7768.0,2851.0,2851.0
"NIOZ, Royal Netherlands Institute for Sea Research",NIOZ,NIOZ,NWO-i,01gntjh03,https://ror.org/01gntjh03,I4210107283,https://openalex.org/I4210107283,openorgs____::eb2f1247784acef155801d95b5ac937b,https://explore.openaire.eu/search/organization?organizationId=openorgs____::eb2f1247784acef155801d95b5ac937b,openorgs____::eb2f1247784acef155801d95b5ac937b,https://explore.openaire.eu/search/organization?organizationId=openorgs____::eb2f1247784acef155801d95b5ac937b,10564.0,2648.0,2648.0
Netherlands Institute of Ecology (NIOO),NIOO,NIOO,KNAW,01g25jp36,https://ror.org/01g25jp36,I4210107786,https://openalex.org/I4210107786,openorgs____::938a3404eacaedfe1b192d39178606eb,https://explore.openaire.eu/search/organization?organizationId=pending_org_::36274daf325aea83489d660f965fec02,openorgs____::938a3404eacaedfe1b192d39178606eb,https://explore.openaire.eu/search/organization?organizationId=openorgs____::938a3404eacaedfe1b192d39178606eb,5839.0,1324.0,1324.0
"SRON, Netherlands Institute for Space Research",SRON,SRON,NWO-i,02wc0kq10,https://ror.org/02wc0kq10,I49206369,https://openalex.org/I49206369,openorgs____::1eaec9171998c0db1b627afe4a969430,https://explore.openaire.eu/search/organization?organizationId=openorgs____::1eaec9171998c0db1b627afe4a969430,openorgs____::1eaec9171998c0db1b627afe4a969430,https://explore.openaire.eu/search/organization?organizationId=openorgs____::1eaec9171998c0db1b627afe4a969430,4335.0,1316.0,1316.0
HAN University of Applied Sciences,HAN,HAN,VH,0500gea42,https://ror.org/0500gea42,I103855431,https://openalex.org/I103855431,openorgs____::048a44d990fd8a4710eef3a9e375360b,https://explore.openaire.eu/search/organization?organizationId=openorgs____::048a44d990fd8a4710eef3a9e375360b,openorgs____::048a44d990fd8a4710eef3a9e375360b,https://explore.openaire.eu/search/organization?organizationId=openorgs____::048a44d990fd8a4710eef3a9e375360b,2967.0,1234.0,1234.0
NHTV Breda University of Applied Sciences,NHTV,NHTV,VH,04mfj5474,https://ror.org/04mfj5474,I128589980,https://openalex.org/I128589980,openorgs____::10020843b2d7fac7c04e40b55a631b0c,https://explore.openaire.eu/search/organization?organizationId=openorgs____::10020843b2d7fac7c04e40b55a631b0c,openorgs____::10020843b2d7fac7c04e40b55a631b0c,https://explore.openaire.eu/search/organization?organizationId=openorgs____::10020843b2d7fac7c04e40b55a631b0c,5481.0,1134.0,1134.0
University of Applied Sciences Utrecht,HU,HU,VH,028z9kw20,https://ror.org/028z9kw20,I173063890,https://openalex.org/I173063890,openorgs____::8a1b859747bd305bc855914588006010,https://explore.openaire.eu/search/organization?organizationId=openorgs____::8a1b859747bd305bc855914588006010,openorgs____::8a1b859747bd305bc855914588006010,https://explore.openaire.eu/search/organization?organizationId=openorgs____::8a1b859747bd305bc855914588006010,2966.0,1079.0,1079.0
Hanze University of Applied Sciences Groningen,HANZE,HANZE,VH,00xqtxw43,https://ror.org/00xqtxw43,I180755707,https://openalex.org/I180755707,openorgs____::c254f2d5f6fdb12ecb37cfee25a3c4b1,https://explore.openaire.eu/search/organization?organizationId=openorgs____::c254f2d5f6fdb12ecb37cfee25a3c4b1,openorgs____::c254f2d5f6fdb12ecb37cfee25a3c4b1,https://explore.openaire.eu/search/organization?organizationId=openorgs____::c254f2d5f6fdb12ecb37cfee25a3c4b1,2389.0,1071.0,1071.0
Netherlands Institute for Neuroscience,NIN,NIN,KNAW,05csn2x06,https://ror.org/05csn2x06,I1295801184,https://openalex.org/I1295801184,openorgs____::b411400e9cb43b74991acf165fdbaf42,https://explore.openaire.eu/search/organization?organizationId=openorgs____::b411400e9cb43b74991acf165fdbaf42,openorgs____::b411400e9cb43b74991acf165fdbaf42,https://explore.openaire.eu/search/organization?organizationId=openorgs____::b411400e9cb43b74991acf165fdbaf42,3559.0,944.0,944.0
"ASTRON, Netherlands Institute for Radio Astronomy",ASTRON,ASTRON,NWO-i,000k1q888,https://ror.org/000k1q888,I922237871,https://openalex.org/I922237871,openorgs____::bc3c03a56c8ac610e083f74395896ed4,https://explore.openaire.eu/search/organization?organizationId=openorgs____::bc3c03a56c8ac610e083f74395896ed4,openorgs____::bc3c03a56c8ac610e083f74395896ed4,https://explore.openaire.eu/search/organization?organizationId=openorgs____::bc3c03a56c8ac610e083f74395896ed4,5699.0,890.0,890.0
Westerdijk Fungal Biodiversity Institute,WESTERDIJK,WESTERDIJK,KNAW,030a5r161,https://ror.org/030a5r161,I4210113371,https://openalex.org/I4210113371,openorgs____::e9afeb0f06cd2672f64eba5c50b58508,https://explore.openaire.eu/search/organization?organizationId=openorgs____::e9afeb0f06cd2672f64eba5c50b58508,openorgs____::e9afeb0f06cd2672f64eba5c50b58508,https://explore.openaire.eu/search/organization?organizationId=openorgs____::e9afeb0f06cd2672f64eba5c50b58508,1625.0,856.0,856.0
National Research Institute for Mathematics and Computer Science ,CWI,CWI,NWO-i,00x7ekv49,https://ror.org/00x7ekv49,I1341640284,https://openalex.org/I1341640284,openorgs____::47f4bfbcef93eb928361dffaabd03b54,https://explore.openaire.eu/search/organization?organizationId=openorgs____::47f4bfbcef93eb928361dffaabd03b54,openorgs____::47f4bfbcef93eb928361dffaabd03b54,https://explore.openaire.eu/search/organization?organizationId=openorgs____::47f4bfbcef93eb928361dffaabd03b54,4344.0,746.0,746.0
Hubrecht Institute for Developmental Biology and Stem Cell Research,HUBRECHT,HUBRECHT,KNAW,023qc4a07,https://ror.org/023qc4a07,I4210115206,https://openalex.org/I4210115206,openorgs____::1820f7ff911f4cf656fd63fd17b2fea8,https://explore.openaire.eu/search/organization?organizationId=openorgs____::1820f7ff911f4cf656fd63fd17b2fea8,openorgs____::1820f7ff911f4cf656fd63fd17b2fea8,https://explore.openaire.eu/search/organization?organizationId=openorgs____::1820f7ff911f4cf656fd63fd17b2fea8,2508.0,698.0,698.0
Rotterdam University of Applied Sciences,HR,HR,VH,0481e1q24,https://ror.org/0481e1q24,I907135538,https://openalex.org/I907135538,openorgs____::7ec8de16e11c7fc9f7e4e32923a42b22,https://explore.openaire.eu/search/organization?organizationId=openorgs____::7ec8de16e11c7fc9f7e4e32923a42b22,openorgs____::7ec8de16e11c7fc9f7e4e32923a42b22,https://explore.openaire.eu/search/organization?organizationId=openorgs____::7ec8de16e11c7fc9f7e4e32923a42b22,1886.0,582.0,582.0
"DIFFER, Dutch Institute for Fundamental Energy Research",DIFFER,DIFFER,NWO-i,03w5dn804,https://ror.org/03w5dn804,I4210147097,https://openalex.org/I4210147097,openorgs____::79a0e60afef2e753b0dc12425ecb3f8c,https://explore.openaire.eu/search/organization?organizationId=openorgs____::79a0e60afef2e753b0dc12425ecb3f8c,openorgs____::79a0e60afef2e753b0dc12425ecb3f8c,https://explore.openaire.eu/search/organization?organizationId=openorgs____::79a0e60afef2e753b0dc12425ecb3f8c,3866.0,548.0,548.0
The Hague University of Applied Sciences,THUAS,THUAS,VH,021zvq422,https://ror.org/021zvq422,I930713850,https://openalex.org/I930713850,openorgs____::b232880c47fb92a22ffea8e2e749e0ac,https://explore.openaire.eu/search/organization?organizationId=openorgs____::b232880c47fb92a22ffea8e2e749e0ac,openorgs____::b232880c47fb92a22ffea8e2e749e0ac,https://explore.openaire.eu/search/organization?organizationId=openorgs____::b232880c47fb92a22ffea8e2e749e0ac,1537.0,527.0,527.0
Fontys University of Applied Sciences,FONTYS,FONTYS,VH,01jwcme05,https://ror.org/01jwcme05,I21516984,https://openalex.org/I21516984,openorgs____::2885352ab1a441a9d387424888e30796,https://explore.openaire.eu/search/organization?organizationId=openorgs____::2885352ab1a441a9d387424888e30796,openorgs____::2885352ab1a441a9d387424888e30796,https://explore.openaire.eu/search/organization?organizationId=openorgs____::2885352ab1a441a9d387424888e30796,1453.0,515.0,515.0
Zuyd University of Applied Sciences,ZUYD,ZUYD,VH,02m6k0m40,https://ror.org/02m6k0m40,I193397943,https://openalex.org/I193397943,openorgs____::0e7e1aa241c64ac17aee64c0be4be069,https://explore.openaire.eu/search/organization?organizationId=openorgs____::0e7e1aa241c64ac17aee64c0be4be069,openorgs____::0e7e1aa241c64ac17aee64c0be4be069,https://explore.openaire.eu/search/organization?organizationId=openorgs____::0e7e1aa241c64ac17aee64c0be4be069,1484.0,464.0,464.0
Saxion University of Applied Sciences,SAXION,SAXION,VH,005t9n460,https://ror.org/005t9n460,I2801398864,https://openalex.org/I2801398864,openorgs____::e086dd85625f9fe8b89dfc2d81441664,https://explore.openaire.eu/search/organization?organizationId=openorgs____::e086dd85625f9fe8b89dfc2d81441664,openorgs____::e086dd85625f9fe8b89dfc2d81441664,https://explore.openaire.eu/search/organization?organizationId=openorgs____::e086dd85625f9fe8b89dfc2d81441664,1187.0,435.0,435.0
NHL Stenden University of Applied Sciences,STENDEN,STENDEN,VH,02xgxme97,https://ror.org/02xgxme97,I4387154156,https://openalex.org/I4387154156,pending_org_::722d6fee5ef1663527379a9e837bffb1,https://explore.openaire.eu/search/organization?organizationId=pending_org_::722d6fee5ef1663527379a9e837bffb1,openorgs____::a7354d60fad3d5d2b4c5c7b874e36a5c,https://explore.openaire.eu/search/organization?organizationId=openorgs____::a7354d60fad3d5d2b4c5c7b874e36a5c,980.0,395.0,395.0
Inholland University of Applied Sciences,INHOLLAND,INHOLLAND,VH,03cfsyg37,https://ror.org/03cfsyg37,I896005021,https://openalex.org/I896005021,openorgs____::5f081781d2510771c1c6686c4a37d1a1,https://explore.openaire.eu/search/organization?organizationId=openorgs____::5f081781d2510771c1c6686c4a37d1a1,openorgs____::5f081781d2510771c1c6686c4a37d1a1,https://explore.openaire.eu/search/organization?organizationId=openorgs____::5f081781d2510771c1c6686c4a37d1a1,864.0,320.0,320.0
Avans University of Applied Sciences,AVANS,AVANS,VH,015d5s513,https://ror.org/015d5s513,I151001089,https://openalex.org/I151001089,openorgs____::05ba90eee0e9eef094a77240339d0ee5,https://explore.openaire.eu/search/organization?organizationId=openorgs____::05ba90eee0e9eef094a77240339d0ee5,openorgs____::05ba90eee0e9eef094a77240339d0ee5,https://explore.openaire.eu/search/organization?organizationId=openorgs____::05ba90eee0e9eef094a77240339d0ee5,752.0,318.0,318.0
Windesheim University of Applied Sciences,WINDESHEIM,WINDESHEIM,VH,04zmc0e16,https://ror.org/04zmc0e16,I242486142,https://openalex.org/I242486142,openorgs____::a08a62c3e21dd693af009638e21aba11,https://explore.openaire.eu/search/organization?organizationId=openorgs____::a08a62c3e21dd693af009638e21aba11,openorgs____::a08a62c3e21dd693af009638e21aba11,https://explore.openaire.eu/search/organization?organizationId=openorgs____::a08a62c3e21dd693af009638e21aba11,865.0,306.0,306.0
University of Applied Sciences Leiden,UAS LEIDEN,UAS LEIDEN,VH,0093src13,https://ror.org/0093src13,I210716285,https://openalex.org/I210716285,openorgs____::913ef94a4bc903f936164b00f287defa,https://explore.openaire.eu/search/organization?organizationId=openorgs____::913ef94a4bc903f936164b00f287defa,openorgs____::913ef94a4bc903f936164b00f287defa,https://explore.openaire.eu/search/organization?organizationId=openorgs____::913ef94a4bc903f936164b00f287defa,750.0,208.0,208.0
Van Hall Larenstein VHL University of Applied Sciences,VHL,VHL,VH,02mdbnd10,https://ror.org/02mdbnd10,I2800435062,https://openalex.org/I2800435062,openorgs____::06b2bdd4093a09b5f6c33521a7bf665c,https://explore.openaire.eu/search/organization?organizationId=openorgs____::06b2bdd4093a09b5f6c33521a7bf665c,openorgs____::06b2bdd4093a09b5f6c33521a7bf665c,https://explore.openaire.eu/search/organization?organizationId=openorgs____::06b2bdd4093a09b5f6c33521a7bf665c,525.0,195.0,195.0
International Institute of Social History (IISH),IISH,IISH,KNAW,05dq4pp56,https://ror.org/05dq4pp56,I932564295,https://openalex.org/I932564295,openorgs____::a8369fe646a573e841439d2c24396b49,https://explore.openaire.eu/search/organization?organizationId=openorgs____::a8369fe646a573e841439d2c24396b49,openorgs____::a8369fe646a573e841439d2c24396b49,https://explore.openaire.eu/search/organization?organizationId=openorgs____::a8369fe646a573e841439d2c24396b49,837.0,186.0,186.0
"AMOLF, Physics of functional complex matter",AMOLF,AMOLF,NWO-i,038x9td67,https://ror.org/038x9td67,I2803035111,https://openalex.org/I2803035111,openorgs____::990dcc0a2b128304fdde55df641a47b4,https://explore.openaire.eu/search/organization?organizationId=openorgs____::990dcc0a2b128304fdde55df641a47b4,openorgs____::990dcc0a2b128304fdde55df641a47b4,https://explore.openaire.eu/search/organization?organizationId=openorgs____::990dcc0a2b128304fdde55df641a47b4,4015.0,168.0,168.0
HZ University of Applied Sciences,HZ,HZ,VH,047cqa323,https://ror.org/047cqa323,I21019838,https://openalex.org/I21019838,openorgs____::de44646096a724bdba876f7f573e74eb,https://explore.openaire.eu/search/organization?organizationId=openorgs____::de44646096a724bdba876f7f573e74eb,openorgs____::de44646096a724bdba876f7f573e74eb,https://explore.openaire.eu/search/organization?organizationId=openorgs____::de44646096a724bdba876f7f573e74eb,358.0,164.0,164.0
HAS Green Academy,HASGREEN,HASGREEN,VH,05p706d77,https://ror.org/05p706d77,I4210166725,https://openalex.org/I4210166725,openorgs____::775eab3c1281cb91d53a31c4a1ba1090,https://explore.openaire.eu/search/organization?organizationId=openorgs____::775eab3c1281cb91d53a31c4a1ba1090,openorgs____::775eab3c1281cb91d53a31c4a1ba1090,https://explore.openaire.eu/search/organization?organizationId=openorgs____::775eab3c1281cb91d53a31c4a1ba1090,260.0,138.0,138.0
Royal Netherlands Institute of Southeast Asian and Caribbean Studies (KITLV),KITLV,KITLV,KNAW,01bdv4312,https://ror.org/01bdv4312,I39431069,https://openalex.org/I39431069,openorgs____::6a6ff788c9f916d156e88942155543c8,https://explore.openaire.eu/search/organization?organizationId=openorgs____::6a6ff788c9f916d156e88942155543c8,openorgs____::6a6ff788c9f916d156e88942155543c8,https://explore.openaire.eu/search/organization?organizationId=openorgs____::6a6ff788c9f916d156e88942155543c8,390.0,101.0,101.0
Christian University of Applied Sciences Viaa,CHE,CHE,VH,04tj5wz42,https://ror.org/04tj5wz42,I30702933,https://openalex.org/I30702933,openorgs____::04a66697fceec5d5e3bbf19b85135356,https://explore.openaire.eu/search/organization?organizationId=openorgs____::04a66697fceec5d5e3bbf19b85135356,openorgs____::04a66697fceec5d5e3bbf19b85135356,https://explore.openaire.eu/search/organization?organizationId=openorgs____::04a66697fceec5d5e3bbf19b85135356,217.0,97.0,97.0
University of the Arts Utrecht: HKU,HKU,HKU,VH,018bzp792,https://ror.org/018bzp792,I2802751956,https://openalex.org/I2802751956,openorgs____::c143bad570ce1ce6c1c5956f5f2d96ee,https://explore.openaire.eu/search/organization?organizationId=openorgs____::c143bad570ce1ce6c1c5956f5f2d96ee,openorgs____::c143bad570ce1ce6c1c5956f5f2d96ee,https://explore.openaire.eu/search/organization?organizationId=openorgs____::c143bad570ce1ce6c1c5956f5f2d96ee,201.0,54.0,54.0
Hotelschool The Hague,HOTELSCHOOL,HOTELSCHOOL,VH,018t8yw14,https://ror.org/018t8yw14,I2800143506,https://openalex.org/I2800143506,openorgs____::a5ac6dbe326433376c900329853d914a,https://explore.openaire.eu/search/organization?organizationId=openorgs____::a5ac6dbe326433376c900329853d914a,openorgs____::a5ac6dbe326433376c900329853d914a,https://explore.openaire.eu/search/organization?organizationId=openorgs____::a5ac6dbe326433376c900329853d914a,119.0,49.0,49.0
Amsterdam University/School of the Arts,AHK,AHK,VH,04dde1554,https://ror.org/04dde1554,I4210135670,https://openalex.org/I4210135670,openorgs____::57a751ebab17a6996ba6836a89548f35,https://explore.openaire.eu/search/organization?organizationId=openorgs____::57a751ebab17a6996ba6836a89548f35,openorgs____::57a751ebab17a6996ba6836a89548f35,https://explore.openaire.eu/search/organization?organizationId=openorgs____::57a751ebab17a6996ba6836a89548f35,98.0,47.0,47.0
ArtEZ University of the Arts,ARTEZ,ARTEZ,VH,05az93f25,https://ror.org/05az93f25,I2800460346,https://openalex.org/I2800460346,openorgs____::e79c2bf184a99250523a378626875955,https://explore.openaire.eu/search/organization?organizationId=openorgs____::e79c2bf184a99250523a378626875955,openorgs____::e79c2bf184a99250523a378626875955,https://explore.openaire.eu/search/organization?organizationId=openorgs____::e79c2bf184a99250523a378626875955,35.0,16.0,16.0
"Codarts, University for the Arts",CODARTS,CODARTS,VH,04vtvrr13,https://ror.org/04vtvrr13,I2801429410,https://openalex.org/I2801429410,openorgs____::bb88336ade9d2deeece4dee6262054b4,https://explore.openaire.eu/search/organization?organizationId=openorgs____::bb88336ade9d2deeece4dee6262054b4,openorgs____::bb88336ade9d2deeece4dee6262054b4,https://explore.openaire.eu/search/organization?organizationId=openorgs____::bb88336ade9d2deeece4dee6262054b4,33.0,14.0,14.0
Driestar Christian University for Teacher Education,DRIESTAR,DRIESTAR,VH,05jext738,https://ror.org/05jext738,I4210164431,https://openalex.org/I4210164431,openorgs____::2d77f3a9829f7a9651ec60f597b479cd,https://explore.openaire.eu/search/organization?organizationId=openorgs____::2d77f3a9829f7a9651ec60f597b479cd,openorgs____::2d77f3a9829f7a9651ec60f597b479cd,https://explore.openaire.eu/search/organization?organizationId=openorgs____::2d77f3a9829f7a9651ec60f597b479cd,40.0,13.0,13.0
Design Academy Eindhoven,DESIGN,DESIGN,VH,039vq9023,https://ror.org/039vq9023,I68976167,https://openalex.org/I68976167,openorgs____::4b2a9d306955ede352ba267af8616375,https://explore.openaire.eu/search/organization?organizationId=openorgs____::4b2a9d306955ede352ba267af8616375,openorgs____::4b2a9d306955ede352ba267af8616375,https://explore.openaire.eu/search/organization?organizationId=openorgs____::4b2a9d306955ede352ba267af8616375,27.0,11.0,11.0
Royal Academy of Art,KABK,KABK,VH,00490vc18,https://ror.org/00490vc18,I4210088845,https://openalex.org/I4210088845,openorgs____::919801f3040011bbef2dd28020917c7f,https://explore.openaire.eu/search/organization?organizationId=openorgs____::919801f3040011bbef2dd28020917c7f,openorgs____::919801f3040011bbef2dd28020917c7f,https://explore.openaire.eu/search/organization?organizationId=openorgs____::919801f3040011bbef2dd28020917c7f,30.0,11.0,11.0
"Katholieke (Catholic) Pabo Zwolle, KPZ",KPZ,KPZ,VH,05nrjb178,https://ror.org/05nrjb178,I4210164235,https://openalex.org/I4210164235,openorgs____::0ac7645722cfee8253ce68cd2ab609c6,https://explore.openaire.eu/search/organization?organizationId=openorgs____::0ac7645722cfee8253ce68cd2ab609c6,openorgs____::0ac7645722cfee8253ce68cd2ab609c6,https://explore.openaire.eu/search/organization?organizationId=openorgs____::0ac7645722cfee8253ce68cd2ab609c6,94.0,5.0,5.0
Gerrit Rietveld Academie,RIETVELD,RIETVELD,VH,053jpjd80,https://ror.org/053jpjd80,I2800065634,https://openalex.org/I2800065634,openorgs____::95e5f0e3696306902a6749c406bb2728,https://explore.openaire.eu/search/organization?organizationId=openorgs____::95e5f0e3696306902a6749c406bb2728,openorgs____::95e5f0e3696306902a6749c406bb2728,https://explore.openaire.eu/search/organization?organizationId=openorgs____::95e5f0e3696306902a6749c406bb2728,11.0,5.0,5.0
"IPABO, University of Professional Teacher Education",IPABO,IPABO,VH,0230zs006,https://ror.org/0230zs006,I4210110308,https://openalex.org/I4210110308,openorgs____::3f27054a1ab469826b9d3a1915452f89,https://explore.openaire.eu/search/organization?organizationId=openorgs____::3f27054a1ab469826b9d3a1915452f89,openorgs____::3f27054a1ab469826b9d3a1915452f89,https://explore.openaire.eu/search/organization?organizationId=openorgs____::3f27054a1ab469826b9d3a1915452f89,6.0,3.0,3.0
Marnix Academie University for Teacher education,MARNIX,MARNIX,VH,03xws5b35,https://ror.org/03xws5b35,I4210139697,https://openalex.org/I4210139697,openorgs____::8cf49add8601037458e4ecdbd63a1c42,https://explore.openaire.eu/search/organization?organizationId=openorgs____::8cf49add8601037458e4ecdbd63a1c42,openorgs____::8cf49add8601037458e4ecdbd63a1c42,https://explore.openaire.eu/search/organization?organizationId=openorgs____::8cf49add8601037458e4ecdbd63a1c42,9.0,3.0,3.0
De Kempel University of Applied Sciences,KEMPEL,KEMPEL,VH,056k6yz11,https://ror.org/056k6yz11,I4210155229,https://openalex.org/I4210155229,openorgs____::4aebed7bd67813bb8a325eb410a392be,https://explore.openaire.eu/search/organization?organizationId=openorgs____::4aebed7bd67813bb8a325eb410a392be,openorgs____::4aebed7bd67813bb8a325eb410a392be,https://explore.openaire.eu/search/organization?organizationId=openorgs____::4aebed7bd67813bb8a325eb410a392be,1.0,0.0,0.0
Iselinge University of Professional Teacher Education,ISELINGE,ISELINGE,VH,047kqmy39,https://ror.org/047kqmy39,I4210154467,https://openalex.org/I4210154467,openorgs____::74691942ddde3989519f008b551ebb35,https://explore.openaire.eu/search/organization?organizationId=openorgs____::74691942ddde3989519f008b551ebb35,openorgs____::74691942ddde3989519f008b551ebb35,https://explore.openaire.eu/search/organization?organizationId=openorgs____::74691942ddde3989519f008b551ebb35,4.0,0.0,0.0
UMCG,UMCG,RUG/UMCG,NFU,03cv38k47,https://ror.org/03cv38k47,I1334415907,https://openalex.org/I1334415907,openorgs____::e1c228979333191a8f4bd6b5f5d01644,https://explore.openaire.eu/search/organization?organizationId=openorgs____::e1c228979333191a8f4bd6b5f5d01644,,,,,
